{
  "mapping": {
    "3do": "3do",
    "atari2600": "atari-2600",
    "atarijaguar": "atari-jaguar",
    "amiga": "amiga",
    "fmtowns": "fujitsu-fm-towns-marty",
    "gb": "game-boy",
    "gbc": "game-boy-color",
    "gc": "gamecube",
    "gba": "game-boy-advance",
    "mame": "mame",
    "msx1": "microsoft-msx",
    "msx2": "microsoft-msx2",
    "dos": "ms-dos",
    "mugen": "mugen",
    "pc98": "nec-pc-9801",
    "pcfx": "nec-pc-fx",
    "pcenginecd": "turbografx-cd",
    "pcengine": "turbografx",
    "neogeo": [
      "neo-geo",
      "neo-geo-aes"
    ],
    "neogeocd": "neo-geo-cd",
    "ngpc": "snk-neo-geo-pocket-color",
    "nes": "nes",
    "n3ds": "nintendo-3ds",
    "n64": "nintendo-64",
    "nds": "nintendo-ds",
    "pokemini": "nintendo-pokemon-mini",
    "virtualboy": "nintendo-virtual-boy",
    "wii": "nintendo-wii",
    "ngage": "nokia-n-gage",
    "other": [
      "other",
      "gamepark-gp32",
      "openbor",
      "ouya",
      "lindbergh",
      "sega-pico",
      "sega-ringedge",
      "sega-ringedge-2",
      "teknoparrot"
    ],
    "cdimono1": "philips-cd-i",
    "psx": "playstation",
    "psvita": "ps-vita",
    "ps2": "playstation-2",
    "ps3": "ps3",
    "ps4": "playstation-4",
    "psp": "playstation-portable",
    "scummvm": "scummvm",
    "sega32x": "32x",
    "megacd": "sega-cd",
    "dreamcast": "dreamcast",
    "gamegear": "sega-game-gear",
    "genesis": "sega-genesis",
    "mastersystem": "sega-master-system",
    "naomi": "sega-naomi",
    "saturn": "sega-saturn",
    "sg-1000": "sega-sg-1000",
    "x1": "sharp-x1",
    "x68000": "sharp-x68000",
    "snes": "super-nintendo",
    "wiiu": "wii-u",
    "windows": "windows",
    "windows3x": "windows-3x",
    "wonderswan": "wonderswan",
    "wonderswancolor": "wonderswan-color",
    "xbox": "xbox",
    "xbox360": "xbox-360"
  }
}